trial_id,task,trial_name,n_turns,n_tool_calls,prompt_tokens,completion_tokens,cache_read_tokens,cache_creation_tokens,cost_usd
4d1e6b62-b7ba-516d-9669-fb3dbdcfa5bc,adaptive-rejection-sampler,adaptive-rejection-sampler__0b26b78e,21,20,606684,35427,565561,41082,1.4254229999999999
2da619f1-e856-5932-8265-8c500484e42a,adaptive-rejection-sampler,adaptive-rejection-sampler__100e3b0b,18,17,431781,24087,402807,28939,0.9846222500000001
bf13c88c-bde3-5a7e-8cd4-76819052ffa6,adaptive-rejection-sampler,adaptive-rejection-sampler__2d77a6df,16,15,460349,38215,418717,41601,1.42489475
db59e748-83a9-5203-8843-f37de492ccb1,adaptive-rejection-sampler,adaptive-rejection-sampler__80649055,8,7,94270,19969,72853,21402,0.669489
f3d85e0b-2cee-52e5-96c3-cf29917168b4,adaptive-rejection-sampler,adaptive-rejection-sampler__ff14257e,8,7,84908,21351,61905,22988,0.7084775000000001
1e90fe07-7ca4-5b32-b76f-8f9a7bf52601,bn-fit-modify,bn-fit-modify__018ead9e,10,10,54391,5552,45491,8881,0.21714675000000003
40620d9a-c032-5e73-9a81-65859d38b63b,bn-fit-modify,bn-fit-modify__2ec642c5,12,13,73318,4503,64332,8963,0.20087475
d0d3e481-92c9-5a85-b619-d4f63807e209,bn-fit-modify,bn-fit-modify__3cc35e3e,18,19,153796,6986,139863,13898,0.331619
ce012c72-b701-592d-87e1-7606fb031b7d,bn-fit-modify,bn-fit-modify__52b006f8,12,12,73576,6019,64601,8952,0.23884049999999998
3f5e0885-7542-5eb5-9f14-7952cd718c3e,bn-fit-modify,bn-fit-modify__57cd2803,21,21,166652,6614,154667,11944,0.31753850000000006
f9b9e852-f2a1-5acd-a258-dc8de0a5ea40,break-filter-js-from-html,break-filter-js-from-html__128443d2,18,18,251477,16092,232112,19330,0.6393435000000001
778ff25f-7c48-583c-a24b-be7a9944c4d6,break-filter-js-from-html,break-filter-js-from-html__4f52b3d6,7,7,52207,6905,42736,9458,0.2531705
b3984194-36be-560a-b848-b614998c8c62,break-filter-js-from-html,break-filter-js-from-html__b8d922e6,10,11,108927,10117,98449,10459,0.36761324999999995
6233e693-2064-5bbb-a1c2-9cc4f665865b,break-filter-js-from-html,break-filter-js-from-html__e11ef556,8,9,68168,8459,56892,11261,0.31037724999999994
d79f08e6-8432-549a-817a-2a54ce2696be,break-filter-js-from-html,break-filter-js-from-html__f57dee6b,6,7,33502,3620,27622,5869,0.14104725
1a6aa17b-f2eb-5acf-8b66-2587f0cebbec,build-cython-ext,build-cython-ext__06af40e8,31,32,533497,13816,505661,27775,0.77212925
32e8551b-8860-5970-b4b3-c5c36bf83f49,build-cython-ext,build-cython-ext__1204ce66,38,37,756881,13072,725365,31441,0.8863637499999999
693380e1-6e22-5ce9-9403-59e95c834ebb,build-cython-ext,build-cython-ext__54c03bc2,40,42,786488,14610,752009,34400,0.9566494999999999
1ef20921-4e86-520a-a4c2-f30d2b24b26b,build-cython-ext,build-cython-ext__a30e3071,49,49,966847,16770,931671,35079,1.1048142500000002
c6eb9541-e91e-5e54-8110-6f4c8bd52b23,build-cython-ext,build-cython-ext__f111546c,48,48,876856,14462,845713,31048,0.9789315000000001
95572218-d022-5230-93b5-a8e64ee19d50,build-pmars,build-pmars__1825cf94,28,30,300302,7261,281975,18272,0.43698750000000003
d177923a-3b9c-5664-a631-6ba36eaf12d2,build-pmars,build-pmars__55b9d409,18,20,126568,5198,116319,10214,0.25212199999999996
16ff63e1-eed7-5f45-9948-61dd1472fff8,build-pmars,build-pmars__8244c60f,30,32,327722,7101,308052,19611,0.45441475
f70e92bf-30e9-5da2-abfc-16e4727b4fb8,build-pmars,build-pmars__882138b9,24,26,243426,7130,226644,16735,0.39640074999999997
490a7abf-02bb-5ca7-b8af-120da11d768f,build-pmars,build-pmars__aa057165,23,23,180865,6171,168356,12464,0.316578
fd096437-d392-5cf2-a589-3c5498ca11ab,build-pov-ray,build-pov-ray__170fe33c,31,36,615338,11551,583539,31738,0.779212
71bd8ede-0eed-511c-b023-d4432cf62b97,build-pov-ray,build-pov-ray__2606f6dd,42,46,887742,12780,851151,36508,0.9736655000000002
642d8475-f7ad-5ff7-82bd-7094dd14153d,build-pov-ray,build-pov-ray__5303b058,39,43,922395,11747,885693,36625,0.96581275
0ae69f75-90a9-5dfa-9db5-beea5f4555bf,build-pov-ray,build-pov-ray__95472913,24,28,379024,8109,351369,27608,0.5511945
667e366c-3439-5048-83ba-7443cfe0f63f,build-pov-ray,build-pov-ray__eb4f8797,41,40,727795,11290,698026,29688,0.817218
82c3b283-26a4-5914-94d4-4f33a6b9c381,caffe-cifar-10,caffe-cifar-10__007a3fb0,68,71,1949581,35066,1804332,143734,2.6847284999999994
225af53f-7cc2-59ad-9b60-a5bf3ffeb998,caffe-cifar-10,caffe-cifar-10__7856c363,58,58,1495598,30500,1445468,49680,1.7979840000000005
1a73d2bd-3f02-52b3-b21d-af91bded1293,caffe-cifar-10,caffe-cifar-10__7ab9dd05,41,43,840631,21536,731285,109265,1.5873537500000006
df376474-afbb-57b9-b31a-e4f6396cd1b1,caffe-cifar-10,caffe-cifar-10__8cc11138,45,49,785458,18353,751651,33718,1.0458330000000002
a5af31e8-3011-5aff-a544-46198bb1157b,caffe-cifar-10,caffe-cifar-10__ec2a24e5,39,41,650791,17075,577337,73040,1.1741134999999998
2b49afa4-a96a-5614-9807-438da03cc196,cancel-async-tasks,cancel-async-tasks__1c038a54,36,35,610089,24871,579782,30236,1.1009959999999999
9d177542-2ef4-522c-a3a6-59395d9e365d,cancel-async-tasks,cancel-async-tasks__5b2ea1cf,15,14,157431,15271,141235,16167,0.55358125
e7bb585d-cf3e-5a63-bee7-8a81b46e276b,cancel-async-tasks,cancel-async-tasks__5f363395,17,16,170323,15664,152880,17410,0.5770175000000001
b990e720-d502-5dd5-ad5b-984382f77124,cancel-async-tasks,cancel-async-tasks__ccf97796,9,8,37821,4517,33120,4684,0.15884500000000001
645db6c7-adce-564a-8f89-5d37bf1970b0,cancel-async-tasks,cancel-async-tasks__f924270a,6,5,20342,3421,16987,3344,0.1149735
cfec2be5-7f42-53c1-85ce-e3c23b766cdd,chess-best-move,chess-best-move__82311055,9,8,47549,4863,41808,5724,0.178339
80380d84-d892-5ebb-9620-607c24c1a907,chess-best-move,chess-best-move__8d521369,3,2,11702,5753,5315,6382,0.18639500000000003
735217ab-9287-560e-a2f0-294d45097f90,chess-best-move,chess-best-move__9bec1231,3,2,9011,2923,5309,3697,0.09886075
3b687deb-25e3-5b58-a087-5ea61f5a34f5,chess-best-move,chess-best-move__aa89dbb9,3,2,9765,3680,5309,4451,0.12249825
f4844b5b-f4b8-5fb0-b787-7820cca8700e,chess-best-move,chess-best-move__bf7b96e8,10,9,47155,3947,41537,5599,0.15453224999999998
6ce11fbb-07f0-5ef6-a33b-b2ab194a5e8c,circuit-fibsqrt,circuit-fibsqrt__0b634dbe,12,12,373000,33102,329374,43603,1.26487075
ee3522de-88c3-5cf7-b743-d7ab2dd021ed,circuit-fibsqrt,circuit-fibsqrt__36550457,7,7,168694,26818,130557,38124,0.9740685
41d81e8d-4ba9-5185-9b97-54e360d45af5,circuit-fibsqrt,circuit-fibsqrt__6ecba60f,11,12,358073,33731,311490,45831,1.28922375
f655cab1-cbb7-5859-8f65-56a0a199c296,circuit-fibsqrt,circuit-fibsqrt__e8300886,13,13,377233,28554,342107,34460,1.1036085
4f644d42-91c8-5ade-954f-3df765eecc41,circuit-fibsqrt,circuit-fibsqrt__f3f452d0,26,26,867222,34150,824271,42239,1.5334392499999998
c60da1f8-7e64-5c76-9eb5-8091abcea8c1,cobol-modernization,cobol-modernization__0c802c21,16,18,256252,19934,227720,28501,0.79049625
2f7f7f91-f8fb-5c9a-a621-d9d8e896c634,cobol-modernization,cobol-modernization__61a6d13b,19,19,279887,18708,253866,25984,0.7572180000000001
3939fe6f-b99e-554c-9e60-b6d71e5a853c,cobol-modernization,cobol-modernization__6f5eebbc,12,12,153952,18846,129917,24012,0.6862985
4516c3af-3317-5faa-b276-bbefd062c62d,cobol-modernization,cobol-modernization__87823767,21,21,404132,23815,371846,32245,0.9830342499999999
8764fb5d-f019-5d76-ab9a-fe3c8e93b8cc,cobol-modernization,cobol-modernization__f48b74c5,16,17,213792,18435,189306,24455,0.70852675
5908f8df-8432-5eb3-af39-54c02f7017ae,code-from-image,code-from-image__04cca86a,3,2,7941,491,6039,1897,0.02717575
59b3d42d-dbd6-5f0a-aab8-49b424b8fc29,code-from-image,code-from-image__1308598b,4,3,11392,652,9325,2060,0.0338725
f30d895b-f1f9-5281-9a54-defc32a950c8,code-from-image,code-from-image__5311402c,3,2,7905,473,7631,269,0.017346749999999998
9fbf5c85-9853-5511-a779-5d8bac804e36,code-from-image,code-from-image__6ebb8ffd,3,2,7901,466,6043,1853,0.02627775
2a04d700-bd65-53ed-a9e7-c34c3eeee8db,code-from-image,code-from-image__a694c333,3,2,7915,509,6043,1867,0.02744025
d955cc85-e58c-5af5-b569-c0d297a52507,compile-compcert,compile-compcert__102ddf3b,20,20,135121,6272,96288,38794,
28875b6c-f5c4-58bb-9dba-59347186dcdb,compile-compcert,compile-compcert__1e6322c5,34,34,358344,11808,320350,37927,
cc3ef335-71f9-545c-ae00-5f9e83593d92,compile-compcert,compile-compcert__2108ed34,34,35,388511,11519,340077,48026,
43e8a98d-f0b5-5ab2-b515-21d40b2d053b,compile-compcert,compile-compcert__30c8956e,29,29,421986,15159,384737,37192,0.8040784999999999
a50d3098-7073-5da5-a23d-f6d07e96e667,compile-compcert,compile-compcert__8d3f8dc7,35,37,465874,15834,423114,42352,0.874147
ad21366f-c414-5325-ba41-f2b8fe79659e,configure-git-webserver,configure-git-webserver__03cd6b81,13,12,54390,4279,48717,5306,0.16633100000000003
4f15ef5a-cfdb-5988-809c-2b4ddf575f04,configure-git-webserver,configure-git-webserver__0550f79a,13,13,75100,4558,67661,7414,0.19424300000000003
61dc0ddb-24da-53fa-841c-2451e3db0eb5,configure-git-webserver,configure-git-webserver__360156f0,18,18,101268,6047,93226,8007,0.24800675
c5cd6627-7c26-57ca-8908-efc5cc34f3bd,configure-git-webserver,configure-git-webserver__63ac77d6,9,8,32686,3210,28339,4330,0.12156699999999998
eb5b62a1-3383-53b5-abaf-3cd37542278e,configure-git-webserver,configure-git-webserver__b760ed46,12,11,66756,4916,58939,7794,0.20119700000000001
6c546272-9107-5f8a-ae51-756a0292180e,constraints-scheduling,constraints-scheduling__07cd6cf7,3,4,18495,5120,9591,8899,0.18843925
f70407b6-ad12-5377-b161-32d4d61dbb2d,constraints-scheduling,constraints-scheduling__0f01ff53,4,5,32057,7036,21001,11049,0.25549175
35c97c73-2461-5dd1-a221-c06855910023,constraints-scheduling,constraints-scheduling__609fdb25,3,4,17267,4122,9591,7671,0.15581425
5b01b230-19e5-5985-b372-2c9caa79268f,constraints-scheduling,constraints-scheduling__67c9c0a6,4,5,26913,4242,18403,8503,0.16843025
7f3bb084-9c90-5b1f-b255-76ec814cd3a2,constraints-scheduling,constraints-scheduling__ba2dc222,3,4,17683,4370,10758,6920,0.157904
495f08ba-a43b-5f07-be94-f3baa602d5a5,count-dataset-tokens,count-dataset-tokens__3e7fdf78,7,7,38419,2583,30827,7579,0.12742225
8649f37f-8bd9-5794-8309-c22535088371,count-dataset-tokens,count-dataset-tokens__3eaa6f80,6,7,37804,2611,30207,7586,0.12784600000000002
016cf95c-5d5a-5451-a3b7-c4f74fa596fd,count-dataset-tokens,count-dataset-tokens__485ac836,6,6,39069,2852,31675,7383,0.13333625
4da81be0-d78c-59ed-8fcb-d366dc7c780e,count-dataset-tokens,count-dataset-tokens__a4a83343,9,11,70564,3292,62017,8530,0.16670600000000002
3b817e62-cbdd-5767-91e3-27e82e858dbf,count-dataset-tokens,count-dataset-tokens__cf8d28a8,8,8,41265,2872,33577,7673,0.13661974999999998
cfe5a1c5-4dfe-593c-90f6-f29aad3b634a,crack-7z-hash,crack-7z-hash__0e9e14cd,27,26,178318,3573,168376,9132,0.23463799999999999
87d51fb0-99d8-5781-8a5f-b3cbd438f347,crack-7z-hash,crack-7z-hash__44599d86,29,28,212284,5006,200827,10639,0.29614725
6fc224f9-174a-5340-b6cf-1bcc545ff7eb,crack-7z-hash,crack-7z-hash__76ecc54c,37,36,335999,8447,321237,14000,0.4631035
d6a10c2c-94e1-54cc-a2bb-0463463a4aba,crack-7z-hash,crack-7z-hash__d280ede5,29,28,236761,6284,223561,12131,0.3500442500000001
ba96d579-f730-500f-8dd5-3f1936e0bd9d,crack-7z-hash,crack-7z-hash__d2f8fc29,41,40,508859,10661,488107,19996,0.6393335000000001
3bf49f7a-937f-5985-b93a-8492dd2b651a,custom-memory-heap-crash,custom-memory-heap-crash__3234e05d,15,16,168384,8244,150193,18162,0.39485400000000004
becde71a-fe0c-51b3-9207-5c9ba3dbaf84,custom-memory-heap-crash,custom-memory-heap-crash__6329db65,36,37,953372,28718,908456,44845,1.4528142499999999
77d5cdb2-e932-5fe6-8688-9b7f4809c928,custom-memory-heap-crash,custom-memory-heap-crash__7b4b54ad,33,33,853563,26510,808183,45315,1.3503852499999998
33302c66-81c1-54c4-8c02-02a454adb104,custom-memory-heap-crash,custom-memory-heap-crash__b259be6e,23,22,336848,11824,314177,22626,0.5943259999999999
9908d8a0-2ec9-544a-8190-bbe862587633,custom-memory-heap-crash,custom-memory-heap-crash__d3e3984f,48,51,1720533,43484,1650380,70058,2.3506275
33178d3b-647f-50e8-a0a7-40702d06da8f,db-wal-recovery,db-wal-recovery__01c7260e,22,21,254552,19278,221059,33450,0.8017569999999999
62d88ffc-3dbf-53b3-af1d-5ba27d7112a8,db-wal-recovery,db-wal-recovery__75a8f5f2,21,21,339154,20061,308860,30253,0.8452412499999999
9c03d93b-f792-598e-a165-7f948d047317,db-wal-recovery,db-wal-recovery__c7f09a8b,25,26,383626,29056,345915,37662,1.13499
5fa4a234-427b-5ae9-b9ad-7e97288722ec,db-wal-recovery,db-wal-recovery__d8e34976,8,7,35672,2656,30158,5499,0.11592274999999999
59854dc9-8f4b-56bf-b981-ac42782c9277,db-wal-recovery,db-wal-recovery__f5913449,42,42,1130932,39742,1075029,55820,1.8803545000000002
c1303f31-60d5-59fd-8113-44d20d6be04d,distribution-search,distribution-search__17894949,7,6,75710,15615,59006,16691,0.52426175
f7228bde-0743-5a41-9ffb-adb2ffd4fe29,distribution-search,distribution-search__1972c4bf,6,5,40082,7134,33192,6879,0.23799475
5e7cd446-c720-5ec2-b927-330813e5e893,distribution-search,distribution-search__323a298b,7,6,77317,16226,60317,16987,0.54204225
854687e5-176b-5a06-8335-7e3a8e4fe0cd,distribution-search,distribution-search__bca0fe07,8,7,74224,9488,62600,11609,0.34113125
7e4773a5-f22c-54a8-90cc-32c961ffd938,distribution-search,distribution-search__c41c4c83,5,4,44535,10767,33045,11481,0.35749875
035949eb-985e-581e-b6bb-2928ac451cb8,dna-assembly,dna-assembly__35795db6,23,23,946604,51617,880274,66285,2.1450682499999996
5dab34a9-100d-5655-b3f6-6e15e0ac816f,dna-assembly,dna-assembly__4b217dad,18,19,538623,51825,476438,62150,1.9224565
f5cd18bd-979c-55c5-9fad-0715c4f149dd,dna-assembly,dna-assembly__88166a91,13,13,412659,52755,332438,80196,1.986444
e33c110d-e090-533e-88ad-0b0257568017,dna-assembly,dna-assembly__aa9ee0b6,15,15,491257,45252,435175,56053,1.6993637500000003
77036d7f-546a-544d-9905-869bed456cf2,dna-assembly,dna-assembly__cac28e15,18,18,441688,45401,384435,57218,1.68503
9e3cae4f-bc0a-556b-b377-f06c9ced208d,dna-insert,dna-insert__013fd467,13,14,190636,18654,164642,25969,0.7111022499999999
ac64aa07-df78-5bf2-a0ad-247060b14c94,dna-insert,dna-insert__5acd73e8,13,15,164618,13256,141341,23252,0.5475205
d1041ae0-7cbd-50f0-8004-7685ecf22f7b,dna-insert,dna-insert__5c56c03d,12,13,170711,13163,148576,22112,0.541678
ab7d488b-29a2-5dc9-b851-46e28210392b,dna-insert,dna-insert__5d27f3e2,15,16,259901,22766,225661,34211,0.89594425
1de5e87e-e3a4-5754-a229-0e5b4952fe80,dna-insert,dna-insert__a3b6b64d,11,14,145449,14497,121843,23585,0.57085775
b286b868-2dad-52e0-8f55-3cc0c3c4ffca,extract-elf,extract-elf__07fc66dc,6,6,45361,11533,30885,14465,0.39422875
7f34bad1-57e8-5b48-818e-d356c3517ea6,extract-elf,extract-elf__25dcd88b,9,12,113416,13540,95210,18189,0.49987125000000004
95d411df-a275-5e3b-8d68-111fa53ccc16,extract-elf,extract-elf__3fc2a8e2,11,10,152508,20567,126888,25599,0.7377177499999998
2f370322-f9e4-574a-afec-585edc815a2b,extract-elf,extract-elf__572f6f31,8,11,73011,9660,59105,13891,0.35794624999999997
e976c9b9-f1ec-57fd-9803-01e6142bf1d7,extract-elf,extract-elf__9694070e,7,10,56507,8927,43800,12694,0.3244775
fc3d47b5-194e-58d8-9481-c73867f46f30,extract-moves-from-video,extract-moves-from-video__0a07c51f,57,218,4359989,94538,4011927,347949,6.853313749999998
315d0956-2677-5933-9434-94381a7239e0,extract-moves-from-video,extract-moves-from-video__74126f47,37,39,953974,39315,829950,123615,
19073027-7e96-5871-bac4-2573aa87927f,extract-moves-from-video,extract-moves-from-video__84352773,26,26,308715,9903,230849,77815,
a337a8b0-c93e-5fe1-93b7-46df462778d9,extract-moves-from-video,extract-moves-from-video__b297c43e,20,24,267075,15467,196184,70517,
a24b5c6c-a062-5c86-b168-e0acb84826d8,extract-moves-from-video,extract-moves-from-video__c59f4a3d,38,38,737683,24493,672856,64073,
27bde778-9d5d-5e12-8692-0ef8df5f8efe,feal-differential-cryptanalysis,feal-differential-cryptanalysis__0ec2fc11,7,6,66752,11179,54248,12491,0.38473275
ff1ef431-dfe9-508b-8adf-c06567fb921e,feal-differential-cryptanalysis,feal-differential-cryptanalysis__66cf1eb3,6,5,59936,12118,46702,13223,0.40899975000000005
9e87ca18-255c-58f0-b8ac-66310c396a88,feal-differential-cryptanalysis,feal-differential-cryptanalysis__be312155,7,6,67249,11233,54825,12411,0.38587125
9729cbb3-39cf-5b95-a194-db18b80630c7,feal-differential-cryptanalysis,feal-differential-cryptanalysis__d3f4ae01,7,6,54976,8726,44939,10024,0.30333450000000006
737a1255-20fb-5960-ba82-669f114cf3b8,feal-differential-cryptanalysis,feal-differential-cryptanalysis__e249dca7,7,6,70302,11437,57278,13011,0.39594775
5feab063-29e0-5a81-a361-0d026907070d,feal-linear-cryptanalysis,feal-linear-cryptanalysis__05052dca,8,10,232313,32230,187561,44737,1.1792117500000001
e031ecf5-58fc-59d3-b964-e0db8077da69,feal-linear-cryptanalysis,feal-linear-cryptanalysis__9b95f3f2,7,9,156304,23495,125815,30476,0.8408224999999999
786eb619-4c86-5f65-a007-9e18f12d2bf2,feal-linear-cryptanalysis,feal-linear-cryptanalysis__cd2b0147,7,9,122292,17320,98813,23466,0.629134
816a07fc-5840-5122-ac19-c0b753dfa60a,feal-linear-cryptanalysis,feal-linear-cryptanalysis__f61ba590,6,8,105976,18752,81439,24526,0.662862
ffd79b14-5385-5c7d-87be-1981f540930d,feal-linear-cryptanalysis,feal-linear-cryptanalysis__fab345d5,9,11,292549,40026,241517,51015,1.44033725
7b0fbf39-9ce4-5e94-8393-08f21da3e0f6,filter-js-from-html,filter-js-from-html__0f2c8bba,4,3,18991,6530,12425,6559,0.21049125
dba86fd1-756a-57f1-8eac-4e46d57c20f9,filter-js-from-html,filter-js-from-html__18761dc7,7,6,62247,13608,48173,14061,0.45223275
b3e791da-4571-595a-9276-50cadb5a9fec,filter-js-from-html,filter-js-from-html__c7cbb44e,13,12,293733,27646,264370,29338,1.0068225
6b10695f-655c-53b7-b28a-264889ad99a0,filter-js-from-html,filter-js-from-html__f3920a55,14,13,304432,26519,271206,33199,1.0062067499999998
d78d30bf-2c81-59db-b58b-3e8bd57a9d05,filter-js-from-html,filter-js-from-html__f88e757f,7,6,94549,21215,72550,21986,0.7041275
47d5eeb0-0a75-5e83-afba-a6a897bf4df5,financial-document-processor,financial-document-processor__0b5a366d,11,12,147782,8431,126714,21047,0.40578075
f1e42067-fb15-5565-82b1-dbcf0f82b6ef,financial-document-processor,financial-document-processor__4ff2df16,14,13,101996,8177,83529,18440,0.3615745
5269dcc4-d982-5121-9f9d-0f4e4d952068,financial-document-processor,financial-document-processor__673af65e,13,12,94584,8389,76578,17981,0.36052025000000004
7580870d-a85a-535d-b6ed-696cf4bdceee,financial-document-processor,financial-document-processor__9da371cd,9,8,68616,6838,52872,15727,0.29576475
7e7045fc-b19d-5fa6-be38-1555cd89a1ea,financial-document-processor,financial-document-processor__a909626d,16,15,124944,8373,105274,19639,0.38486075000000003
ce95c69a-7035-53dc-a308-57eaa3a0d90c,fix-code-vulnerability,fix-code-vulnerability__568d83fb,5,6,21635,1282,17477,4149,0.06676475
648eec27-f68b-59d7-90c3-882585d260a1,fix-code-vulnerability,fix-code-vulnerability__57b99529,5,6,21822,1246,17654,4159,0.06601575
c49959c7-efd6-5743-8dce-4ca5f0d377b8,fix-code-vulnerability,fix-code-vulnerability__82072f05,5,5,22028,1446,17851,4168,0.07117050000000001
4999c6b6-5a35-5957-8105-729933c67265,fix-code-vulnerability,fix-code-vulnerability__dee43744,5,6,21315,1364,17139,4167,0.06875825
d55b3417-57b4-5853-8112-d5322fa2dc40,fix-code-vulnerability,fix-code-vulnerability__fdddae5f,6,7,27150,1499,22726,4413,0.07647425000000001
566cac8b-78c3-5412-9cf3-96dfaca4ca3f,fix-git,fix-git__313dbae6,9,9,42416,3129,36605,5794,0.132825
3b990346-d3dc-57bc-a47d-5e214ee059dc,fix-git,fix-git__347c9561,8,7,29032,3066,25191,3826,0.113233
d2978f58-9413-5b88-b791-40225a53183a,fix-git,fix-git__3cfafddd,7,6,34542,2673,28799,5730,0.117102
6b9e3265-38a1-5dab-b12d-997a68d41c42,fix-git,fix-git__60f58a85,6,7,18899,2142,15654,3234,0.10117775000000001
2724ba31-ffb5-56fc-85e2-0988797fe00a,fix-git,fix-git__9f11cea0,7,7,23203,2710,19068,4122,0.12022625
987bb37e-363b-5c50-be14-be55ac935008,fix-ocaml-gc,fix-ocaml-gc__2cab60ec,16,18,279344,9574,226554,52759,0.68252575
cc65f3f7-f470-50d3-9461-7f03b177fe79,fix-ocaml-gc,fix-ocaml-gc__3c6dcb4b,24,28,748064,12948,704180,43468,0.949545
2cceebd7-1f50-5518-a162-ddb0ad90f42f,fix-ocaml-gc,fix-ocaml-gc__745f3b5a,14,16,240988,8292,189684,51277,0.6227582499999998
4f236020-5ab0-55f8-8145-2c49bab42ba0,fix-ocaml-gc,fix-ocaml-gc__8933c017,34,35,1147676,9953,1101874,44568,1.0844819999999997
c3c32673-4641-5bfc-9374-201a4d43efdc,fix-ocaml-gc,fix-ocaml-gc__c2423547,12,13,408854,7716,302941,105890,1.006298
43a8593e-9771-5f51-abb3-7d7cad712813,gcode-to-text,gcode-to-text__20c75a6c,17,17,218746,11768,195075,23638,0.53964
7d07352f-9991-5788-af68-b0fc274b0dd4,gcode-to-text,gcode-to-text__5d24a2a9,13,12,71026,4792,62775,8226,0.20272500000000002
5efd4443-852f-52e6-8d92-075871f8151b,gcode-to-text,gcode-to-text__5e30f05d,8,7,29668,2485,24522,5131,0.10652974999999999
ff2312e3-b62d-5661-826b-a3b85b8d6f1c,gcode-to-text,gcode-to-text__a39fe3e8,10,11,67624,3987,58509,9096,0.1858745
186acfbf-8fb3-5668-bada-e1deb9f5fa84,gcode-to-text,gcode-to-text__d4bd9378,33,32,419379,14091,393912,25071,0.7079047500000001
92bd2edc-4107-5fe1-8696-2668df70bbcc,git-leak-recovery,git-leak-recovery__2e543e34,11,10,38811,3009,34851,3939,0.11737425
155d5fe8-e248-5a67-849d-a16e6aa69192,git-leak-recovery,git-leak-recovery__376a8f15,8,8,25847,2693,22505,3327,0.09944625
1bf84b3e-277e-53e8-a36c-21ed2667eff5,git-leak-recovery,git-leak-recovery__5d3521bd,9,8,31753,2983,27551,4185,0.11459174999999999
6c3948f7-f8ca-5229-bea7-ae2af6114362,git-leak-recovery,git-leak-recovery__60558e68,8,7,23527,2093,20682,2830,0.08042849999999999
185167fc-613f-5b78-9cc9-9cf942e1cfe3,git-leak-recovery,git-leak-recovery__df7d6ee6,8,8,26515,2326,23167,3333,0.09063975
557fa4d0-3c06-503b-90f6-6018102c8f0b,git-multibranch,git-multibranch__0ee5e54d,16,15,85007,5652,77288,7688,0.22814900000000005
b5b2f23f-fdf6-5638-9434-8fb9fb503333,git-multibranch,git-multibranch__25e519eb,19,18,123700,7042,113318,10345,0.29755024999999996
3ef2bf17-365c-5c9e-89ed-81b4b1f8d153,git-multibranch,git-multibranch__379e1bfc,14,13,85371,6062,77158,8186,0.24142650000000002
c0038f33-fc90-5034-979b-ccd0ee0f9ebe,git-multibranch,git-multibranch__b2df1a29,18,17,111434,7315,101910,9489,0.29331124999999997
da9206e3-87b2-522a-bbe8-c8d6cacf6da7,git-multibranch,git-multibranch__e4d4a30e,16,18,114541,7621,104027,10483,0.30821224999999997
698f561a-8ec5-5211-aa85-39cb52d3da91,gpt2-codegolf,gpt2-codegolf__11de031e,16,16,412080,48182,349643,62406,1.7695640000000001
a747fbd2-ba7d-588d-8ede-01884bb999af,gpt2-codegolf,gpt2-codegolf__23615a86,16,18,394519,48197,343677,50811,
27eeb4fc-b325-5ad1-9403-4ea2ce0f0535,gpt2-codegolf,gpt2-codegolf__2ac76a9a,22,22,609029,44346,559656,49330,
808b1d8c-7095-5d31-846c-932ff9fa0cd4,gpt2-codegolf,gpt2-codegolf__379571ec,39,40,1603592,50525,1533595,69920,
35a0e797-7f81-5f51-b67a-06ea9774c934,gpt2-codegolf,gpt2-codegolf__722e7073,14,14,305669,39095,265517,40125,
022017e7-af50-5c83-a499-042bee1b6221,headless-terminal,headless-terminal__1e407a42,11,11,57251,5976,50427,6803,0.21723725000000002
4cda2a57-7648-5df0-8653-b55fbce6ccdc,headless-terminal,headless-terminal__2374c222,12,12,65651,6173,58701,6927,0.22708424999999996
108ee476-8909-5c35-8f7f-75afe9eb7358,headless-terminal,headless-terminal__863147dd,13,14,72549,5643,66043,6481,0.21472775
21c5f345-accd-5e6f-b640-e9f1eb620bd0,headless-terminal,headless-terminal__cb5e890f,11,11,53628,5176,47898,5709,0.18913525000000006
efcb8038-f15b-5420-8172-e977e8120d7a,headless-terminal,headless-terminal__e770d8d3,9,9,37424,5807,30999,6408,0.20080949999999997
6e65ef87-d723-5750-b872-975c761479c9,hf-model-inference,hf-model-inference__22162453,7,7,27444,3206,21118,5983,0.12981774999999998
cc193c8c-15a3-5b30-9857-b89f898ecdc9,hf-model-inference,hf-model-inference__4c843820,8,8,30917,3233,25876,4703,0.12484674999999999
69bf39d4-8f5d-5e0f-8206-f2338cdb448f,hf-model-inference,hf-model-inference__b3de77f9,8,8,29470,3025,26005,3450,0.110265
432132df-4637-5d0c-adf1-90a878e98ef2,hf-model-inference,hf-model-inference__bd9c008a,8,8,31296,2904,26512,4429,0.11531225
631329df-18c7-5256-b969-018e848b9d53,hf-model-inference,hf-model-inference__fc769f03,9,9,37175,3466,31857,4966,0.135376
e3d2838d-e16f-5be7-a4a6-f1a73df89833,install-windows-3.11,install-windows-3.11__5810c2a6,65,67,1830224,34395,1774076,55657,2.0972242500000005
a182420d-13c9-57e0-9b5a-fda389c5e541,install-windows-3.11,install-windows-3.11__66b99806,63,62,1574485,31265,1523694,50666,1.8607595000000001
26cc0fc4-3b92-5b66-98c7-fdcb43e7e95c,install-windows-3.11,install-windows-3.11__7642fd08,47,49,879935,18845,845703,34139,1.10781025
24654b99-22c8-5f11-8f0c-c48ab12728b3,install-windows-3.11,install-windows-3.11__c82ac054,45,45,773288,20229,739290,33222,1.0868874999999998
6a25be12-9ec9-5cce-9d6d-2f6e5de40cc0,install-windows-3.11,install-windows-3.11__dfff16f0,73,72,1854804,34453,1802807,50820,2.0862385000000003
f817b093-8f00-5863-b2f0-65e395aee940,kv-store-grpc,kv-store-grpc__3afc23ef,9,8,27906,2494,25009,2880,0.0929395
3c80fbf2-13cd-58a7-a9eb-95581110809c,kv-store-grpc,kv-store-grpc__a8613c5c,9,8,27864,2531,24897,2950,0.094246
25447210-5bf3-5e56-9d8c-af717e6fb953,kv-store-grpc,kv-store-grpc__d098dde2,9,8,29807,2916,26448,3342,0.1070965
7e3510ba-9cc2-5d4a-be8f-201cf6a4f9e6,kv-store-grpc,kv-store-grpc__f470742e,9,8,32956,3027,28355,4584,0.1185875
00a77156-6cba-5e34-8d73-b8ae05c3be0a,kv-store-grpc,kv-store-grpc__f84dcefb,10,9,38600,2878,34025,4556,0.11753249999999998
59ba0e14-71a7-5d16-b88a-308e2f16d03c,large-scale-text-editing,large-scale-text-editing__1b779632,9,8,50329,5115,44778,5534,0.1849365
a2d79498-1d47-5a95-831c-c0feb0c69b01,large-scale-text-editing,large-scale-text-editing__2585a1fb,7,6,32485,3971,27145,5327,0.14620624999999998
66d389b3-9576-5fda-9c53-5f62f1efdc03,large-scale-text-editing,large-scale-text-editing__3d344cff,8,7,39333,4621,34523,4795,0.16283024999999998
45b3e991-f19c-5ac0-808c-e6fe5ce57566,large-scale-text-editing,large-scale-text-editing__be77f1d6,7,6,31268,4136,26360,4895,0.14723874999999997
0a390722-f23a-5a17-8031-53d5bfc71be6,large-scale-text-editing,large-scale-text-editing__c15a6a1b,8,7,30496,2989,26745,3736,0.11152249999999998
95779942-b988-5dbe-9b4f-5c66d7cb99c7,largest-eigenval,largest-eigenval__39d23990,10,14,77665,8982,66479,11167,0.32767824999999995
1871b8bd-7086-50ba-9780-44cbb5b12ba0,largest-eigenval,largest-eigenval__5337ba91,11,11,62008,4045,55320,6667,0.17055875000000004
eff39937-212d-56fa-a096-1dc3112fe431,largest-eigenval,largest-eigenval__5f792ad1,9,11,58793,6670,49694,9082,0.24844450000000004
d66a29c3-e094-5a87-bda2-9b934b026dbb,largest-eigenval,largest-eigenval__806b31b5,10,10,58317,5329,51212,7086,0.2032135
0361cd51-cad2-5082-b222-689fddb9b942,largest-eigenval,largest-eigenval__d7e30125,35,38,515610,19256,490288,25253,0.8847202500000001
a1d5166e-2e85-5659-bcd9-0386987b494d,llm-inference-batching-scheduler,llm-inference-batching-scheduler__35dd46fe,18,20,576352,33597,525706,50611,1.41927175
c51e2a5c-7086-51f2-bb57-6fdcea742a9b,llm-inference-batching-scheduler,llm-inference-batching-scheduler__3f55501a,23,24,590474,30192,547468,42961,1.2972652500000001
9bd95f00-4617-5c84-98ac-c7a69c921d12,llm-inference-batching-scheduler,llm-inference-batching-scheduler__ab08fd8a,21,22,804053,43081,742266,61746,1.8342754999999997
8e513560-2fcc-573b-a035-17aacbdf5ef7,llm-inference-batching-scheduler,llm-inference-batching-scheduler__f5ed7389,22,23,681577,34937,630548,50986,1.5075764999999997
ba49b24b-09bd-5ecc-a576-82d7037edf7e,llm-inference-batching-scheduler,llm-inference-batching-scheduler__f6c1a664,19,20,525157,39983,472449,52671,1.5651782499999998
846b4dfb-a1b3-570d-b569-c1db33e6a09d,log-summary-date-ranges,log-summary-date-ranges__b1ae3924,3,3,10969,1293,7457,3507,0.05799724999999999
90a44cce-34a3-5009-82e4-5ed4e4cdd7d5,log-summary-date-ranges,log-summary-date-ranges__b9068394,3,3,10096,1589,6922,3169,0.06301725000000001
b507018a-995c-5ea3-8f93-eb6eaac6f765,log-summary-date-ranges,log-summary-date-ranges__c7d81481,3,3,9980,1397,7627,2348,0.0534385
aba664dd-95fb-53f9-a51e-35630f8c6b30,log-summary-date-ranges,log-summary-date-ranges__d6b82bcf,3,3,10084,1469,6932,3147,0.05988475
c8d3ba3e-9e06-542b-918f-a37427678fe2,log-summary-date-ranges,log-summary-date-ranges__e1ebe33f,3,3,10359,1355,7139,3215,0.057563249999999996
c3acccad-4c03-5100-b86e-feddb0403e82,mailman,mailman__009683da,43,46,1660014,40962,1591553,68376,2.2476015
28e0aeb8-0c00-5d5c-9ce3-9d90f676ecdb,mailman,mailman__7469bed5,23,25,382784,15195,357862,24877,0.7145122499999998
6c22a89b-6c3f-50a8-a9ac-6344bd4d5491,mailman,mailman__a9fa4d76,18,20,351726,14896,323524,28167,0.71038075
9b958f96-6a2b-5023-b92c-f74241adfa34,mailman,mailman__aafacb83,18,21,340647,14282,315195,25417,0.6736787500000001
72dede11-b9a3-5bc1-8023-1da1b35283f7,mailman,mailman__d3c35c17,24,30,544971,15902,512579,32345,0.8562307499999998
fe08cfac-6197-5d18-a486-adf1335c6895,make-doom-for-mips,make-doom-for-mips__10d7e264,42,50,3474870,60183,3345209,129467,
82c0a3c8-3d1a-5941-ac55-b4c1efa9224f,make-doom-for-mips,make-doom-for-mips__3e0b6026,34,40,1789426,50072,1703364,85995,
35d7513e-d941-5c7f-a98f-4e79addfdaa8,make-doom-for-mips,make-doom-for-mips__6e713be9,40,45,3252282,61309,3129208,122884,
83609dd5-aabd-5c98-8a13-6eb255a2a055,make-doom-for-mips,make-doom-for-mips__ea0c5b8a,34,42,1938118,47835,1841665,96386,
4cc57551-fc7a-52b4-a508-7d0c5ddb9252,make-doom-for-mips,make-doom-for-mips__f09c5398,41,47,2476324,53043,2372850,103393,
30ee1d2f-53ec-5af8-bfd6-8628158d9e1e,make-mips-interpreter,make-mips-interpreter__669d4e8a,28,32,1459042,65006,1313142,145845,3.19352725
df30ca22-cd6c-5e37-8ec8-f77e9d30b3da,make-mips-interpreter,make-mips-interpreter__a0b3fa68,37,36,1470700,55499,1379445,91182,2.64745
06e47d78-9b60-5d1f-ae4d-ae138a79b111,make-mips-interpreter,make-mips-interpreter__ae88c734,32,43,1834164,60013,1738235,95866,2.9689200000000002
eb09b24d-fd7a-5075-a1a2-f59adbf6feb5,make-mips-interpreter,make-mips-interpreter__b389f971,46,51,2275042,54672,2184879,90072,3.0226444999999993
c890d8cc-1d37-5ca1-8674-2d1064972b64,make-mips-interpreter,make-mips-interpreter__bd15303b,33,32,1512226,55639,1373443,138718,2.9450090000000007
c813c224-3103-56ac-85de-f1aa84eb6159,mcmc-sampling-stan,mcmc-sampling-stan__22305904,14,14,170611,11766,145369,24882,0.5241469999999999
c42ad411-64d0-5af0-9552-77b93d321b75,mcmc-sampling-stan,mcmc-sampling-stan__52b2fd87,29,30,315514,10740,296655,18802,0.534625
ee1d47c7-7b24-5a7c-b5b0-a6f6cfa1ae51,mcmc-sampling-stan,mcmc-sampling-stan__5dd6fae9,29,30,384753,9042,364068,20175,0.53672775
1f3e1021-6e6a-518b-a3e5-ca25a18bef10,mcmc-sampling-stan,mcmc-sampling-stan__a24222a7,30,31,667463,11740,627179,40225,0.8587907499999999
73ee6f6f-2965-5143-965b-bd135c1760e0,mcmc-sampling-stan,mcmc-sampling-stan__a50181bd,12,13,115116,4891,100290,14803,0.26505375000000003
6cfad429-c7b9-518e-bc1f-afde2c40f154,merge-diff-arc-agi-task,merge-diff-arc-agi-task__7cbfffe8,14,15,100899,6023,90713,10159,0.25956025
370bf7af-03f6-573c-a67b-7ad72b9776bd,merge-diff-arc-agi-task,merge-diff-arc-agi-task__ae742404,12,14,99368,8570,88197,11148,0.3281385
39d87d8e-5ac6-5452-a09b-ca206b702886,merge-diff-arc-agi-task,merge-diff-arc-agi-task__e3b376ed,16,16,96874,5625,87656,9187,0.24202674999999998
2c435b8b-801e-5076-8f9a-9f5ef52d4ad1,merge-diff-arc-agi-task,merge-diff-arc-agi-task__e3ca3b2a,20,23,145679,6660,134872,10768,0.30143099999999995
ffacf17a-8d4e-5eec-98ef-119d3dfe5e24,merge-diff-arc-agi-task,merge-diff-arc-agi-task__e49a26ef,12,13,63509,5514,55478,8008,0.215754
da22e727-1a88-510a-90a0-fa337316a015,model-extraction-relu-logits,model-extraction-relu-logits__1de9a774,6,5,29549,5298,23813,5725,0.18019274999999998
9d57169b-0fc8-522c-909a-c1b3ead293d7,model-extraction-relu-logits,model-extraction-relu-logits__79a34080,13,12,106388,8623,96672,9691,0.32460475000000005
8bbc2106-4251-5a0e-9270-d07cf099d66c,model-extraction-relu-logits,model-extraction-relu-logits__c033babf,11,10,80221,9162,70200,10000,0.326755
3e4203dd-e996-586c-b8d4-db9c8a09ba1e,model-extraction-relu-logits,model-extraction-relu-logits__e14f3f8d,9,8,75785,9562,63072,12696,0.350021
bdb200bd-681d-5d1a-b2f8-bdbf6d908979,model-extraction-relu-logits,model-extraction-relu-logits__ecddb8c8,9,8,69026,9135,58963,10046,0.320729
55ef4b94-c177-508e-bd81-bcf028ee324c,modernize-scientific-stack,modernize-scientific-stack__07a4567d,6,7,30139,2606,25062,5066,0.10939850000000002
8a226568-57a4-5e1c-a223-9ccad3022341,modernize-scientific-stack,modernize-scientific-stack__1cd349f7,5,6,23422,2261,18735,4678,0.09517499999999998
eb80e077-38d3-579f-9eb7-502b5359fc41,modernize-scientific-stack,modernize-scientific-stack__3aecf853,6,7,29677,2317,24709,4957,0.10131575000000001
b740aad4-943e-5ee6-a09a-df43ee86cdf3,modernize-scientific-stack,modernize-scientific-stack__4d80cbf8,6,7,30042,2603,24991,5040,0.1091255
a132ea11-372a-568f-bde9-205b63973860,modernize-scientific-stack,modernize-scientific-stack__53413a35,7,8,35464,2800,30228,5223,0.11782275000000002
07853a63-eebb-55b9-914d-daf49862cd4e,mteb-leaderboard,mteb-leaderboard__12686c7f,23,23,259451,9114,238061,19452,0.4781455
3ab101a5-26d1-5f8a-803e-277aaff53b01,mteb-leaderboard,mteb-leaderboard__3649f19b,17,16,106718,5490,95864,10821,0.25297825
c9156254-503b-5b28-af29-9e21dc165c6d,mteb-leaderboard,mteb-leaderboard__595bd299,18,18,113225,5442,101719,10159,0.25713825
0510099d-85dd-50ce-adca-c62af195e542,mteb-leaderboard,mteb-leaderboard__be874f0a,29,28,330060,11035,307643,22027,0.5693152499999999
3b029412-3ffa-599c-9f5c-b5a4ca78af49,mteb-leaderboard,mteb-leaderboard__e8177093,34,33,474963,11429,444264,29207,0.6978607499999999
6a0fbb1e-bce9-5111-8c93-75381010256c,mteb-retrieve,mteb-retrieve__515daf39,6,5,15886,1126,13820,2055,0.04795875
c94b7e30-929b-5517-9f58-58bf015f84b4,mteb-retrieve,mteb-retrieve__54cf3d2c,12,11,55850,2355,50175,5652,0.11940250000000001
753df791-3405-55e3-9177-19667887e0ad,mteb-retrieve,mteb-retrieve__5f7a8a90,12,11,53409,3168,47224,6162,0.14143949999999997
92144744-dbec-5056-9397-12f25e62c069,mteb-retrieve,mteb-retrieve__93e8290b,6,5,15588,1116,13988,1589,0.044880250000000003
45029182-349f-5b42-962d-5df8b4665a1e,mteb-retrieve,mteb-retrieve__e7c5ebc3,7,6,19365,1644,16789,2563,0.06557825
88d6a65b-9277-517d-89c2-2a0699d39175,multi-source-data-merger,multi-source-data-merger__2455c32a,5,5,23389,5070,17054,6326,0.17485949999999997
4d3dbc3e-b879-5d3e-9a0b-c06b7c89264c,multi-source-data-merger,multi-source-data-merger__4946875b,5,5,24328,4819,17807,6512,0.1701235
c1892d7f-afe8-56af-8e9d-707956e898d5,multi-source-data-merger,multi-source-data-merger__4f634a50,5,5,26094,5144,19254,6831,0.18096574999999998
516f452b-062d-5480-88a6-cac97c75d270,multi-source-data-merger,multi-source-data-merger__aeca5918,4,4,20626,4780,14227,6392,0.16659849999999998
cecc3e4e-2937-57b2-b422-c2a1ade4067d,multi-source-data-merger,multi-source-data-merger__b90b938a,5,5,22773,4568,16679,6085,0.16061575
d6d55df5-ab60-5a66-8221-95ea616a994f,nginx-request-logging,nginx-request-logging__57566539,12,11,64913,4147,56308,8582,0.1855815
6e534261-a07e-5dce-bc5f-6dba2d2c70ee,nginx-request-logging,nginx-request-logging__57649021,13,12,70569,4043,63231,7313,0.17852175
bc8bafe0-d835-534b-b6e3-0972b87561ba,nginx-request-logging,nginx-request-logging__816ab39b,13,12,72769,3849,65144,7600,0.176422
0ddb11cb-ada8-57e6-9b30-92acc15a5c0b,nginx-request-logging,nginx-request-logging__9fea57d0,12,11,66333,3943,59500,6810,0.1710025
310a0314-504c-59c7-a85b-385e55e075a3,nginx-request-logging,nginx-request-logging__c1120e44,10,9,49574,3523,43146,6409,0.14979925
05f3d3e2-30f3-570c-a227-dbe825408846,openssl-selfsigned-cert,openssl-selfsigned-cert__1a09966b,13,13,57015,4859,50556,6434,0.1870905
e16dd4ec-e9c7-504c-9f92-a672c789dbf8,openssl-selfsigned-cert,openssl-selfsigned-cert__207ceb0f,13,13,55802,5106,49135,6642,0.19385500000000003
d6b5d40d-47d3-51c9-a2ae-1bf647a0b06a,openssl-selfsigned-cert,openssl-selfsigned-cert__2532a989,10,14,44494,4458,38320,6155,0.16917374999999996
0765656b-14f9-5087-8718-f3578dffd513,openssl-selfsigned-cert,openssl-selfsigned-cert__9071d19a,10,11,39096,4753,32803,6274,0.17453400000000002
e56c8599-67ef-5599-9c99-2075c820a29a,openssl-selfsigned-cert,openssl-selfsigned-cert__ebe66980,11,10,43607,4599,37712,5874,0.1706485
35180d0b-6cd2-5fc2-9c3f-91359fb16c2e,overfull-hbox,overfull-hbox__01a0fe50,11,10,109361,6263,95305,14035,0.29205125
f8058391-2723-587a-833f-93d2224b0aee,overfull-hbox,overfull-hbox__1aab033b,14,13,181905,11172,162495,19383,0.48182625000000007
281c475f-08e5-5222-b418-3ca8e28693ef,overfull-hbox,overfull-hbox__4732e714,9,8,84365,6324,71127,13221,0.27637975
991f5bbb-80d3-5223-ae35-b602b7aa3dac,overfull-hbox,overfull-hbox__7a126263,12,12,124319,7224,108202,14433,0.3333272500000001
25853198-fe6b-50fe-9b94-b65586a7c58e,overfull-hbox,overfull-hbox__eb695e17,12,11,123054,6155,109736,13295,0.29195174999999995
d8069906-d693-5c9f-b70a-37562759ae5c,password-recovery,password-recovery__1a651cfd,15,16,146648,11768,130061,16558,0.462863
0a7d21ac-5ef7-5b83-9bde-558ee3e05316,password-recovery,password-recovery__2e20e085,16,15,179516,15722,157958,21527,0.60672775
0d6cf8c8-ca33-5586-bf6b-965c7aedb1dc,password-recovery,password-recovery__3c081177,14,17,144221,12485,125838,18356,0.48990399999999995
29d80afa-2460-5bdc-b43e-f24ce314eb56,password-recovery,password-recovery__572d9eaf,18,19,204268,23791,174015,30218,0.87082
4b974fbf-8718-5804-a82e-4208232f3803,password-recovery,password-recovery__745bb1cd,12,15,92258,7049,80069,12166,0.292412
0f46f2bb-e0bc-5e99-967a-f11f8162ea84,path-tracing,path-tracing__1917ee88,58,58,3028976,86223,2918063,109544,
b56387e7-8964-571b-96c1-20e5d79fb567,path-tracing,path-tracing__2cdcf0af,41,40,1523906,53537,1457739,65497,2.4800007500000003
b6ea17f4-8dd1-5078-b229-912b385637a9,path-tracing,path-tracing__91ea1cbd,70,69,2835039,65312,2755522,79378,3.5073684999999997
bbb0b3eb-50ba-5f53-908e-5836af239587,path-tracing,path-tracing__afa9e30f,52,52,1387439,48589,1329744,56404,
7ffa3059-db9b-5fc0-b22b-1822bcdd43d2,path-tracing,path-tracing__d673093a,46,46,1266334,47375,1202335,61673,
34829215-b4b3-5612-97a7-ee1f6777bb06,path-tracing-reverse,path-tracing-reverse__510b592e,18,22,1344321,99003,1095967,248319,4.575227250000001
b0a3309b-2709-52f1-8d62-09f9ec32d611,path-tracing-reverse,path-tracing-reverse__6efe3c24,39,44,3351948,85633,3159359,192512,4.924089499999999
e50d7c57-cfca-559c-9588-ef3e2c9e84ff,path-tracing-reverse,path-tracing-reverse__afb9fcc4,32,31,1864685,74572,1748837,115785,3.4626897500000005
3b356502-36f9-5f96-a7dd-ba41968aca05,path-tracing-reverse,path-tracing-reverse__c3a74a99,56,55,5982465,127739,5785507,196847,7.31707725
d092fc9b-3976-5dff-95d7-afda93cd873d,path-tracing-reverse,path-tracing-reverse__d73d3d01,37,41,3990669,119728,3692084,298512,6.705306999999999
0d2dee26-9a45-5824-9bca-b087ebab24fc,polyglot-c-py,polyglot-c-py__03eaedb6,10,9,60009,8863,50443,9547,0.30656025
b7b1d22e-ce97-54d9-b83e-af0bbf5faae7,polyglot-c-py,polyglot-c-py__165c8414,9,8,70881,10762,59231,11633,0.37145675000000006
62f9edef-8a79-5ce9-9aec-55f632682f27,polyglot-c-py,polyglot-c-py__2c11b282,8,7,33375,3497,29161,4199,0.12832425
4c568ce2-1207-5112-a192-40b8f29d31aa,polyglot-c-py,polyglot-c-py__79ebe8cd,8,7,70632,9019,60957,9660,0.3164035
c955ebf1-3085-50e4-87f0-6aab52e2c77e,polyglot-c-py,polyglot-c-py__9149f3db,8,7,66222,8661,56820,9387,0.30367875
67e0a0ec-9139-5e17-8e26-382ce4a7e706,polyglot-rust-c,polyglot-rust-c__5f90f79f,5,4,134221,32116,102336,31876,1.0533379999999999
d610ebbd-3975-53c3-9dde-512c17fe8669,polyglot-rust-c,polyglot-rust-c__6a159d0a,11,10,400156,40069,358990,41145,1.4384812500000004
4e4d2a7f-9ba4-53d0-9113-bde4a961b8f7,polyglot-rust-c,polyglot-rust-c__7562fde1,6,5,108526,20604,87809,20706,0.688472
a698d71a-83d7-5a90-8617-8187e7797317,polyglot-rust-c,polyglot-rust-c__c0f9437a,7,6,230426,37564,192379,38034,1.2730670000000004
ee720bef-2ed2-55f4-a72c-4df355251fc2,polyglot-rust-c,polyglot-rust-c__f543d78c,11,10,423267,52764,369516,53730,1.8397754999999998
73c66d87-aeed-5b35-8717-69ab05b456fa,portfolio-optimization,portfolio-optimization__01bacf7c,8,8,60449,3736,51816,8618,0.1732455
8c6c4cdf-8d7c-52e3-b394-3cda9fe77e20,portfolio-optimization,portfolio-optimization__18143ea5,12,11,100428,3157,90948,9457,0.18362024999999998
793b7ab9-150c-586e-a956-7dc5304121a3,portfolio-optimization,portfolio-optimization__2e521f33,9,9,82969,5259,71478,11474,0.2390115
6446f5ab-35bc-524b-a7a5-ce87bfc5f12a,portfolio-optimization,portfolio-optimization__6d72a4e5,7,10,53919,4111,44377,9529,0.18458475000000002
45b91ba8-f47b-56da-9a25-4260d6db706e,portfolio-optimization,portfolio-optimization__ef1f71f8,12,11,111370,4450,100122,11225,0.23158225
d739c9d2-7221-5692-b14f-fc084dfc5fcb,protein-assembly,protein-assembly__41de2ba8,13,14,401396,31552,345590,55781,1.3103512499999999
136e377b-f7a4-5973-81a0-28c21f73966c,protein-assembly,protein-assembly__48f1e7f2,18,17,378731,28138,340466,38230,1.1127955
b06cb32d-583b-58d3-bc43-c519c9c46e94,protein-assembly,protein-assembly__55a07d9b,16,17,341700,25681,302300,36074,1.0352675
1cebbe14-d31a-5983-b99d-ff5515b2111e,protein-assembly,protein-assembly__f350e145,17,17,441670,34200,391536,50101,1.3640642500000002
e942e8e4-a799-500e-b485-d49c0068cea7,protein-assembly,protein-assembly__f789d8f3,1,0,0,0,0,0,0.0077885
4642d5c3-846a-5189-8597-a0ff64536080,prove-plus-comm,prove-plus-comm__16ec39a7,6,5,17115,1970,14803,2301,0.07108775
813a7fec-8af3-5451-ac8e-fbaa4b49401c,prove-plus-comm,prove-plus-comm__4bb082c8,5,5,13492,2105,11531,1952,0.0706355
8d924a03-2786-5d67-831a-09be0076dc65,prove-plus-comm,prove-plus-comm__59c0b0fd,5,5,12517,1662,10593,1915,0.05886025
da3427b2-1db6-5b16-b712-ed54b921a008,prove-plus-comm,prove-plus-comm__7debac39,5,5,13546,2149,11512,2025,0.07218225
9759b3b5-54fc-5a01-8876-e9812c52bd90,prove-plus-comm,prove-plus-comm__c88cb074,4,4,10523,1644,8525,1991,0.05784125
b7615e48-401d-5ba6-a47a-e64360368be1,pypi-server,pypi-server__83d1b2da,11,12,47791,3186,42448,5322,0.13424149999999999
d2fd34e8-d15e-56ac-aa6f-a11b2e1f9e34,pypi-server,pypi-server__bf310a62,12,13,57486,3276,51661,5802,0.14410799999999999
038ec80a-6011-5734-869b-3e8b2475566e,pypi-server,pypi-server__d1c629bb,13,12,49986,2852,45098,4863,0.12436774999999999
7c8e76de-a627-5878-8e73-7269d1c2b0fa,pypi-server,pypi-server__d74307b6,12,11,45263,3043,40070,4835,0.12811875
346b5735-535d-51fb-a61f-b72da95c16c4,pypi-server,pypi-server__da1d4ac2,10,11,38244,2950,33721,4504,0.1188555
c55a3065-3198-50c5-b3d3-3f3d57a1a785,pytorch-model-cli,pytorch-model-cli__33e07049,14,21,119979,9657,106590,13362,0.37836749999999997
290f37ad-88e9-5b43-8e55-ff5976dd2e57,pytorch-model-cli,pytorch-model-cli__527bb8cb,16,20,166733,9371,150549,15492,0.40983449999999993
dc69bcbd-8de3-5a17-8195-f422661665e9,pytorch-model-cli,pytorch-model-cli__57171730,13,17,111724,9656,98721,12978,0.37199799999999994
446af2b9-0ffa-5910-a873-0f196347e7e1,pytorch-model-cli,pytorch-model-cli__bc299a25,12,11,68097,7917,58567,9507,0.28674225000000003
b4fb5c4a-c9b0-55e2-9f41-349488bb6dbd,pytorch-model-cli,pytorch-model-cli__f5d724d8,14,15,84851,6380,76573,8251,0.24949025000000005
98ae15ad-6f57-57de-9773-c4ac7585c5bc,pytorch-model-recovery,pytorch-model-recovery__0077839b,5,5,27557,3957,21015,6533,0.15030875
5148e274-3def-5ea7-af91-61dea52f0ec1,pytorch-model-recovery,pytorch-model-recovery__103f0a00,5,6,27664,3963,20720,6935,0.15282375
fafa2bab-82ca-573c-9cd7-06cb754859da,pytorch-model-recovery,pytorch-model-recovery__353cc8d4,4,4,21632,4245,15721,5904,0.15092049999999999
b8976d81-15c6-5b1f-88fb-5945f3989735,pytorch-model-recovery,pytorch-model-recovery__374f71be,6,7,35349,4275,28080,7258,0.1663325
9456e1b2-8232-517a-b006-1ed0ce1a8859,pytorch-model-recovery,pytorch-model-recovery__cdc7202e,5,5,27612,4099,20923,6680,0.15473150000000002
50782d34-b54b-526a-aa6b-d59488c8645c,qemu-alpine-ssh,qemu-alpine-ssh__0c4a882c,24,23,266278,14626,246108,20123,0.61470775
22c81b9f-4742-5f79-a22d-3a60b7d1e228,qemu-alpine-ssh,qemu-alpine-ssh__6fde876a,14,14,116063,11112,80646,35390,
f873150e-62f4-5c5f-b681-ed1f76eeb21c,qemu-alpine-ssh,qemu-alpine-ssh__d5e49c97,29,29,390688,25109,360411,29876,
2743646e-9ef6-5600-8eb2-a398deb7b6ad,qemu-alpine-ssh,qemu-alpine-ssh__e3715351,24,24,334849,16303,309491,24977,
235557a5-c21c-5843-8a79-a3750bcbbbaa,qemu-alpine-ssh,qemu-alpine-ssh__fafa47ac,27,27,500668,20121,468746,31869,
4eeb4238-35ef-59e8-b8f8-680b0a4cd625,qemu-startup,qemu-startup__00123a11,13,12,75116,8845,64539,10552,0.3194695
16b04051-9e8b-56a5-805f-813930a0e265,qemu-startup,qemu-startup__01bbbf30,22,21,294361,20011,271117,23201,0.7810547499999999
b5c87b45-5bde-5859-a695-5819a1b7a9f7,qemu-startup,qemu-startup__68d2aec4,7,6,28041,4500,23284,4744,0.15385700000000002
81e0c964-b951-56e8-b581-fbf554dcf8b9,qemu-startup,qemu-startup__972aac6b,27,26,274603,20348,250187,24030,0.785911
88037357-aef7-5c0c-ac6f-d823a03d40af,qemu-startup,qemu-startup__ed6ba15a,12,11,68489,7687,58794,9326,0.28170449999999997
3d642d2c-3906-513a-880b-f578270883c3,query-optimize,query-optimize__01c8e102,16,18,155952,5244,142661,13260,
9b785e13-203f-5233-badf-5890f7cb9da0,query-optimize,query-optimize__503d3560,6,9,20163,1101,14940,5212,
443ee35c-0e76-52c0-a1ec-c3753b1fc135,query-optimize,query-optimize__a1bbb56f,18,20,134782,6271,124207,10007,
ef23995f-ac84-59a4-a399-fab89575363e,query-optimize,query-optimize__a2f81ce0,8,10,54038,4574,38506,15517,
648a66f2-19a0-5aa9-8c74-2d634b493770,query-optimize,query-optimize__d7f673f7,11,13,50324,5066,42825,7078,0.19440500000000002
a3aadf07-c82e-58ca-9d8a-20bca1ecc719,raman-fitting,raman-fitting__0bb8bf72,18,17,349104,44053,288849,60220,1.6222995
3ae272e6-9c07-53e8-8e02-9f423b9e92db,raman-fitting,raman-fitting__117f95f1,16,15,128427,12840,111631,16765,0.48175175
5c5a6760-b68d-5a0e-ac3e-19a7dc00dbdb,raman-fitting,raman-fitting__1ea1d5d4,20,19,277154,26146,244312,32803,0.9810197500000001
99807068-7ff3-5988-a599-f69dfb75eb5e,raman-fitting,raman-fitting__3ec434bc,24,23,354928,25586,323526,31355,0.9976167499999999
b3236907-b25f-5355-aa88-2f4f33ebfa99,raman-fitting,raman-fitting__727a3852,19,18,255579,19669,229304,26238,0.7705495000000001
d0f9e253-6e1d-5a63-915a-34fccb0db5c6,regex-chess,regex-chess__02227292,34,33,2114085,133852,1993942,116830,
0633142f-dc5c-5233-9635-6e4478f3dce2,regex-chess,regex-chess__458d711f,21,19,1256448,189057,1168019,87472,
794ac714-d6f3-56ef-8ca3-8adf0900b720,regex-chess,regex-chess__7cea827b,25,23,1282498,188698,1196960,84965,
8b34d753-f8ac-5315-84d9-1a037cc99865,regex-chess,regex-chess__8af33d1d,3,2,22193,133722,5902,16286,
6a29267f-375a-56f0-b1d1-e95e233b5ae3,regex-chess,regex-chess__db3c37a7,34,32,2295482,135408,2157219,135598,5.324622
7179eb4c-ad0d-54f5-8a44-5651128ab53f,regex-log,regex-log__3b26283e,8,7,95269,12502,81227,14027,0.44090725000000003
adc53e71-f7f8-5051-bf75-2bb4dbb102e3,regex-log,regex-log__5c3615e7,7,6,74222,11787,60969,13240,0.4079744999999999
95b01c68-f567-53fc-8db9-485f0e21c957,regex-log,regex-log__6d17ec0e,7,7,96718,16511,78663,18042,0.5649339999999999
38e18e96-0b3c-5f0a-b80e-5985f357097a,regex-log,regex-log__a48495e6,7,6,65657,11190,53582,12062,0.3819935
a01419eb-4ebb-5a1a-82c0-94ee5e628057,regex-log,regex-log__b5672d04,6,5,51205,9432,40330,10864,0.32392000000000004
761007c3-e02b-59bc-a08b-64f7b2b9dd96,reshard-c4-data,reshard-c4-data__0d6058e7,15,14,245765,18643,221663,24073,0.7275077499999999
0ce9520a-d6e0-5b4d-89bc-4646afd85fe9,reshard-c4-data,reshard-c4-data__6dda8b9a,23,22,409092,20142,382720,26327,0.8596787499999999
3fc558b1-e4d2-5e4e-8b1d-3783e95d6893,reshard-c4-data,reshard-c4-data__8de0e2df,14,16,272735,21911,245888,26820,0.838479
f0662bd7-837d-573e-9b51-48861ab42185,reshard-c4-data,reshard-c4-data__bad71101,12,12,191038,17093,170373,20642,0.641639
e2faac86-844b-5e84-b57d-63460db56d11,reshard-c4-data,reshard-c4-data__d980d20e,17,16,289902,22956,263033,26836,0.8733065
05d874c0-6062-5134-8a18-f08718557313,rstan-to-pystan,rstan-to-pystan__176105b2,14,14,152198,6607,122633,29538,0.411239
d2e5501b-b326-5c48-80ee-bad5e9a06b04,rstan-to-pystan,rstan-to-pystan__a0f4b40f,14,15,166062,7302,148616,17419,0.36586175
ec978d3e-c835-5668-80c3-c9d7c9b86745,rstan-to-pystan,rstan-to-pystan__ad751772,11,12,110633,5359,97170,13442,0.2666775
c8036f8f-bcd2-590e-a60e-5ae7acd3445c,rstan-to-pystan,rstan-to-pystan__c5405622,15,18,144525,8401,129329,15167,0.36962825000000005
3e81e70d-3b81-5f07-8e1e-459f5dbf20b9,rstan-to-pystan,rstan-to-pystan__c8bfcbac,16,17,190755,7213,174508,15853,0.36863024999999994
1b95b6d0-2803-5e44-b853-43ed96367edf,sam-cell-seg,sam-cell-seg__1fbdda3b,19,22,260270,15323,235018,25215,0.65836275
f9f7abbc-ca58-5f3c-b854-b1e4f75eb0ad,sam-cell-seg,sam-cell-seg__5f8c05f8,20,25,302831,14923,280668,22124,0.6518790000000001
dfd6ddb3-e5f2-5a62-b6e5-0a0cb24db61e,sam-cell-seg,sam-cell-seg__8f6cd6cb,22,26,332916,13461,307412,25461,0.64957725
888b4a31-3de1-50ad-aa2f-2f6492a9defb,sam-cell-seg,sam-cell-seg__ef9b6917,22,29,376797,14391,345668,31086,0.7271114999999999
fc2d2c6f-eabc-522c-a9df-5be13347bc7e,sam-cell-seg,sam-cell-seg__fcab74b8,23,25,352869,15753,328014,24810,0.7131195
30a83aa2-61f1-505d-8907-65984c61aa89,sanitize-git-repo,sanitize-git-repo__00b0296b,7,7,170889,4121,140722,30154,0.36191349999999994
f82e9f98-fb24-55d8-bc59-4af21c807469,sanitize-git-repo,sanitize-git-repo__2ec74bfa,10,10,268208,5573,233609,34580,0.47234950000000003
1b7c3731-e065-5c80-ab2a-d51d0feac6cd,sanitize-git-repo,sanitize-git-repo__5cd8fb3f,11,10,187581,5839,155428,32132,0.424619
7f8013cd-7075-5ff6-9fb7-240c0d2e6fd8,sanitize-git-repo,sanitize-git-repo__7b451ba3,12,16,272779,7065,227015,45741,0.5761287500000001
728e88e2-128d-50b8-a131-3a8753621e16,sanitize-git-repo,sanitize-git-repo__c416e820,13,14,367098,6391,319952,47121,0.61438225
6cbd7330-0cca-5152-af42-2f52b4c02778,schemelike-metacircular-eval,schemelike-metacircular-eval__24d348e1,24,28,1340830,55437,1242532,91023,2.6124597499999993
7f60bcfe-ae69-51ce-ba1b-13f84147ed15,schemelike-metacircular-eval,schemelike-metacircular-eval__6e1351ce,33,33,2532712,59767,2424980,107667,3.37990875
eddab57c-fab8-5699-bcdd-c30147239157,schemelike-metacircular-eval,schemelike-metacircular-eval__8617b391,24,23,951805,41157,894952,56806,1.8316734999999995
3a4d0204-d5fa-5aab-ba07-c7a27b029400,schemelike-metacircular-eval,schemelike-metacircular-eval__dc324f31,14,13,362609,27798,324047,38535,1.09795225
51f77f49-5719-580e-b953-2d7d0bfc75a7,schemelike-metacircular-eval,schemelike-metacircular-eval__e3026bea,15,20,575015,40201,517228,57758,1.6247715
16102de5-b890-5ada-b27e-f50af8f64f75,sparql-university,sparql-university__69154143,10,9,110546,8888,94721,15806,0.368443
60e0e090-8193-5a4a-b801-360413fecef8,sparql-university,sparql-university__81ceffe6,16,15,218832,12347,199384,19417,0.52987825
b72c9e2b-dcfb-5f1d-a3e5-98a92ba3731d,sparql-university,sparql-university__9d3b6573,11,10,143749,9906,127042,16686,0.4155635
98594ec8-afdc-53ca-9a72-a08079b96538,sparql-university,sparql-university__c05d8d0a,15,14,196786,11234,178845,17912,0.4823675
b6f8db62-3652-5998-98af-36994481d324,sparql-university,sparql-university__d485ba69,9,8,100491,9258,84861,15613,0.37154675000000004
964547ac-01fd-5beb-811f-a58d84f4f27b,sqlite-db-truncate,sqlite-db-truncate__431c4b08,9,9,37632,5251,31273,6342,0.186634
4b76dac7-faf8-5952-9954-00f81066587c,sqlite-db-truncate,sqlite-db-truncate__6b013355,7,6,30533,6643,22770,7750,0.22596250000000004
27eacf97-600a-599c-bcb9-4824f56f74ce,sqlite-db-truncate,sqlite-db-truncate__8d50911b,6,6,39239,12455,25808,13420,0.408209
3414bb0d-378c-552a-aa57-663bd622b387,sqlite-db-truncate,sqlite-db-truncate__aa7a8ebb,7,8,31297,6065,24515,6769,0.20625375
5ff3bd0b-32f7-5999-881b-371e4a46810b,sqlite-db-truncate,sqlite-db-truncate__af6c8d22,8,7,48267,8563,38533,9719,0.29416025
e6267729-fa84-5af5-9ab6-d72a7cf94255,sqlite-with-gcov,sqlite-with-gcov__1763cafe,14,15,100092,4276,87418,12647,0.22978775
e0aa40b6-30a0-54de-997a-caf68cfa614f,sqlite-with-gcov,sqlite-with-gcov__1d10fb1a,17,21,125336,4598,113299,12004,0.2467895
fad66c34-5104-57f7-aad7-0108ece6d5f8,sqlite-with-gcov,sqlite-with-gcov__1fca1585,18,17,128598,4717,116124,12439,0.25390575000000004
9612dcec-9427-5ead-adfd-86618da4f64b,sqlite-with-gcov,sqlite-with-gcov__a409eecf,17,18,120212,4637,107114,13065,0.25130325
0176c052-e287-525c-8f5c-5e58e1ac6e8e,sqlite-with-gcov,sqlite-with-gcov__f5a07499,15,18,123595,4216,109412,14154,0.24871349999999998
ccf0107d-85c5-5811-a98b-f6ddf0ea9564,torch-pipeline-parallelism,torch-pipeline-parallelism__0166e08d,8,7,63844,15637,47327,16502,0.517801
e6de8a2f-189f-51e6-8fde-79d29970c846,torch-pipeline-parallelism,torch-pipeline-parallelism__115ad3bc,13,14,212753,23841,185670,27058,0.8580975000000002
aefe2bbf-d1fb-5b07-a8ce-5a4e069532dd,torch-pipeline-parallelism,torch-pipeline-parallelism__4037950f,10,11,83901,19483,62667,21215,0.6510972500000001
41db2c04-f7a3-5af4-bacd-674b0d62cdc6,torch-pipeline-parallelism,torch-pipeline-parallelism__7185a583,11,14,177440,21791,147715,29704,0.8043875
05dcd6fc-42e9-5f91-a4b2-033d9a795864,torch-pipeline-parallelism,torch-pipeline-parallelism__f367fe54,8,9,56063,15202,39412,16636,0.5038060000000001
f50a9dd3-51f0-5604-863a-fdc6e5a29487,torch-tensor-parallelism,torch-tensor-parallelism__0b441f96,5,4,22317,5193,17173,5135,0.17055025000000001
1a173afa-db3e-5441-8f18-f0fd1bb65a7d,torch-tensor-parallelism,torch-tensor-parallelism__50c017e2,6,5,38362,7489,30772,7579,0.25003475000000003
24a6de54-ecbc-5c58-9d85-e08cef9607c4,torch-tensor-parallelism,torch-tensor-parallelism__a23c60e4,5,4,22896,5402,17506,5381,0.17747925000000003
b212b41e-d3e6-5de1-9d7a-24828ce1f1e0,torch-tensor-parallelism,torch-tensor-parallelism__de0d6766,7,6,46208,6525,38823,7372,0.2286765
65ab7cda-2d0f-5347-8875-f14d6d7da7a8,torch-tensor-parallelism,torch-tensor-parallelism__f4382d82,7,6,47911,6575,40520,7378,0.23081250000000003
5e1bddd6-95fb-579c-b960-417913014ebf,train-fasttext,train-fasttext__193e5a56,47,49,1028898,14729,989385,35656,1.1050524999999998
4ee4a459-b208-5aec-9972-924b1264d273,train-fasttext,train-fasttext__45ee86fe,29,33,284856,11950,201556,82566,
03ba1b4d-7b56-5cdb-bb1e-87718ebb6976,train-fasttext,train-fasttext__4b2c9657,22,24,157578,7032,136703,20832,0.37456649999999997
a5f05980-ae53-5350-896c-9b0f50061cd0,train-fasttext,train-fasttext__ea319e1e,21,25,204123,10205,142189,61554,
e6a1bbc7-43ad-5cf9-be66-f6887d7e10be,train-fasttext,train-fasttext__fdaeb1a0,36,38,442784,14733,387487,54201,0.90630475
1d1514e9-ad9d-55ff-9db3-3697f0b775c5,tune-mjcf,tune-mjcf__157b0b24,17,17,208710,12597,191047,17630,0.5208010000000001
dabe52cd-6c86-59c7-ad92-252cb760e751,tune-mjcf,tune-mjcf__3e14edad,16,16,175835,14928,158075,17729,0.5631987500000001
5306d7ce-b141-5267-b033-c95d7d05aa52,tune-mjcf,tune-mjcf__5a93339a,17,17,169573,11436,153298,16242,0.4642265
c642f35f-53c1-549b-b9cc-1b25290a5a80,tune-mjcf,tune-mjcf__78175d28,12,12,113971,7785,101693,12255,0.32218025
2b46a957-2fec-56e8-aa4a-bcf75a379f6b,tune-mjcf,tune-mjcf__d4741ab4,17,17,196295,14337,177889,18373,0.5623657500000001
eaf70db2-82a9-549f-be8c-0898cdaf03c5,video-processing,video-processing__35ebb997,33,32,599916,27576,558388,41463,1.2280627499999999
c389a356-f2a4-5c0b-bf2a-3e7c5a25b32d,video-processing,video-processing__3e68536a,17,24,248302,20593,215333,32936,0.8285064999999999
cc63b615-1e5f-54e6-bc4a-7ffb5b11599f,video-processing,video-processing__6d82f702,25,24,293510,12781,265972,27489,0.6245622500000001
4bc3ab6c-183d-5f23-b5c6-0978d42eebde,video-processing,video-processing__7a531270,10,10,109140,12874,88656,20465,0.49417924999999996
14040174-376d-5a66-87e3-0daa8ac6009d,video-processing,video-processing__7d207fcb,9,9,122275,15510,95574,26684,0.602397
648226ea-6dd7-541a-8abb-45dd4ffe7430,vulnerable-secret,vulnerable-secret__111c56c9,13,12,72814,2842,62487,10302,0.166806
569a1bf1-b77a-527d-a288-dde1228500ff,vulnerable-secret,vulnerable-secret__3c325beb,12,11,62028,2665,51961,10044,0.1554955
5c6abbf7-392c-540e-a8ed-397d72d30ec4,vulnerable-secret,vulnerable-secret__44a31d8b,8,7,45461,2525,36695,8751,0.13624124999999998
9398f48e-ab5b-5cec-b807-dbeefbc7b4b0,vulnerable-secret,vulnerable-secret__c35f9eda,15,14,107042,4724,94575,12438,0.24326999999999996
615da832-4608-5ab0-b22b-056eaef139ba,vulnerable-secret,vulnerable-secret__c89932bc,9,8,62374,2748,52056,10301,0.15919425
debecffe-24bf-5b58-b311-74cb0691236a,winning-avg-corewars,winning-avg-corewars__8808eb85,38,38,3078097,125193,2939112,138910,5.467943500000001
651537d1-c3c7-5166-8bce-ba3b3bb0f09e,winning-avg-corewars,winning-avg-corewars__a682b82e,68,70,9238374,219737,8995554,242685,
c9a17348-ee26-59f2-8f28-8bb1f509202c,winning-avg-corewars,winning-avg-corewars__b2f13882,15,15,439812,35546,391862,47921,1.38423225
0c9e0a3c-711f-5618-b28f-89eb7c6fedb9,winning-avg-corewars,winning-avg-corewars__cecf0340,50,54,4023487,129652,3877696,145692,6.091218
3881c4cc-4bd7-584e-af23-3d62862b113b,winning-avg-corewars,winning-avg-corewars__cfb25bd6,12,12,187759,19892,163924,23812,0.728202
9c4c6c26-1ed9-58e4-a211-351018060817,write-compressor,write-compressor__2953356c,10,10,379153,51611,324232,54902,1.7956234999999998
688fbd70-de17-5052-be76-5476adbda460,write-compressor,write-compressor__3c5fb7e3,9,9,246693,36333,207668,39008,1.256044
1e1b792a-b2eb-586f-b8da-17d04b3fa87b,write-compressor,write-compressor__614aaa8c,11,11,278964,31348,246227,32716,1.1113934999999997
f6ca2ff2-0e46-518c-8dfd-9995223a1d29,write-compressor,write-compressor__c62573ee,11,11,269444,32195,235969,33454,1.1320520000000003
f86ada8f-8513-517a-9634-c363fb38f897,write-compressor,write-compressor__fdadee7b,8,8,190215,30444,156675,33525,1.0490437500000003
